id;jhi_order;date_time;location_name;lat_decimal;lng_decimal;distance;distance_displayed_value;link;alerts
1;87014;2022-07-05T00:02:05;Incredible;41303;75150;86831;cross-media Program circuit;mobile Corporate;transmit Greens
2;69351;2022-07-05T15:43:59;reboot;89904;84872;88154;Object-based Team-oriented Fish;Curve Loan integrate;Facilitator Incredible bypassing
3;79888;2022-07-04T18:19:09;Trafficway synthesize;98787;78536;36478;reintermediate;Shirt multi-state;Assurance
4;63131;2022-07-05T15:55:57;Health;68347;59998;42717;solution-oriented Ergonomic Devolved;Maine Anguilla EXE;executive
5;56728;2022-07-05T06:46:53;invoice optimal Practical;79077;23147;44874;parsing Mouse;Rupiah facilitate;Handmade tan wireless
6;52363;2022-07-04T20:28:45;unleash Bedfordshire;26072;52982;22847;Iowa Berkshire;Plastic Hill RSS;Tonga leading-edge next
7;51611;2022-07-05T09:56:54;Buckinghamshire;81124;5690;22561;user;Omani bricks-and-clicks;Loan overriding Designer
8;52102;2022-07-05T14:38:58;utilize Canyon;80237;95179;79300;programming;Algerian Florida;black
9;60041;2022-07-05T09:07:45;Unbranded parsing programming;74659;11471;67799;Account Legacy;scalable Account Gorgeous;Rubber transitional
10;92607;2022-07-04T19:35:03;bypassing drive;43271;89277;98143;blockchains;Cotton Frozen;neural COM
