id;jhi_order;date_time;location_name;lat_decimal;lng_decimal;distance;distance_displayed_value;link
1;67834;2022-07-04T23:54:13;Streamlined;94232;85689;20193;Frozen;multi-byte
2;86405;2022-07-05T13:54:47;generating;58285;9320;76040;Granite bluetooth Soap;Shoes
3;95642;2022-07-04T17:21:01;Soft matrices;3572;20011;20659;white Salad Seamless;object-oriented
4;61331;2022-07-05T11:13:23;Computer Cambridgeshire Metal;68408;68423;79051;Drive Nauru tan;Market withdrawal
5;41149;2022-07-05T01:12:49;Fundamental real-time Web;46284;45249;14140;Legacy deposit;Auto
6;66411;2022-07-05T07:03:25;Home multi-byte Tuna;44096;98066;73784;Credit Account Industrial;aggregate Club Assistant
7;724;2022-07-05T02:50:14;neural Fresh maroon;39663;38624;40457;Credit invoice;Zimbabwe
8;69931;2022-07-05T15:37:16;channels Stream Niue;71252;91075;50832;Pizza zero solid;collaboration
9;42810;2022-07-05T14:15:03;indexing Car;51846;53879;13522;invoice intranet;fuchsia
10;47410;2022-07-05T10:50:33;eco-centric;14135;8783;70306;salmon;Incredible
